axRightAxis,ayRightAxis,azRightAxis,gxRightAxis,gyRightAxis,gzRightAxis,axLeftAxis,ayLeftAxis,azLeftAxis,gxLeftAxis,gyLeftAxis,gzLeftAxis
0.074975504,0.152639551,0.2140062,1638.025459,4411.957302,1698.182897,0.056049585,0.164317325,0.178226103,2574.201578,3780.926061,1285.687185
0.074003751,0.123470746,0.221629305,1590.71651,4545.067116,1583.068245,0.060849463,0.166999668,0.203497623,3305.309227,4407.885355,1162.203702
0.076098047,0.138452377,0.239131922,1711.875006,5423.369195,1643.995832,0.070578701,0.158199754,0.208674811,3908.125567,6083.961426,1415.383123
