axRightAxis,ayRightAxis,azRightAxis,gxRightAxis,gyRightAxis,gzRightAxis,axLeftAxis,ayLeftAxis,azLeftAxis,gxLeftAxis,gyLeftAxis,gzLeftAxis
0.16746097,0.136483498,0.028396619,681.6303822,573.5941739,2322.723109,0.076453024,0.062617384,0.039295639,202.2603678,424.5633401,949.5538122
0.139309897,0.045924181,0.05983581,1397.683735,789.0648124,959.6763403,0.047395511,0.051685911,0.022668125,232.4321721,165.7924247,755.5362569
0.056585025,0.034942678,0.007388274,115.9186307,92.7748069,963.2869382,0.05038691,0.035172317,0.007655994,146.4398737,69.12460813,920.0548775
0.161019347,0.106992285,0.047709297,442.3707667,724.1853624,1984.234125,0.033414772,0.076311812,0.028354947,221.5938891,245.4956944,1074.739071
