axRightAxis,ayRightAxis,azRightAxis,gxRightAxis,gyRightAxis,gzRightAxis,axLeftAxis,ayLeftAxis,azLeftAxis,gxLeftAxis,gyLeftAxis,gzLeftAxis
0.010797133,0.034947732,0.090835731,1683.323805,262.761152,255.4516432,0.005536712,0.040843777,0.063234275,3078.609372,173.7524371,1301.381898
0.008467385,0.033789011,0.067331146,1246.435907,112.5922864,157.0238723,0.032156461,0.051360063,0.021319303,702.9945509,320.4843566,174.7795329
0.011386319,0.032625053,0.013325598,1142.399525,90.46429175,65.2024298,0.002576826,0.024746929,0.012292189,248.9956125,70.53644823,83.86726754
0.016214149,0.045877111,0.117558224,1394.162136,65.12861975,293.2231665,0.015043091,0.029182681,0.062700018,4168.210813,86.08318947,1307.372202
